se master
go
drop  database ATM
go 
Create database ATM
go 
use ATM
go
create Table UserType(
userTypeID int primary key,
[name] varchar(20) not null
)
go
create table [User](
[userId] int primary key,
[name] varchar(20) not null,
[userType] int foreign key references UserType(UserTypeID),
[phoneNum] varchar(15) not null,
[city] varchar(20) not null
)
go

create table CardType(
[cardTypeID] int primary key,
[name] varchar(15),
[description] varchar(40) null
)
go
create Table [Card](
cardNum Varchar(20) primary key,
cardTypeID int foreign key references  CardType([cardTypeID]),
PIN varchar(4) not null,
[expireDate] date not null,
balance float not null
)
go


Create table UserCard(
userID int foreign key references [User]([userId]),
cardNum varchar(20) foreign key references [Card](cardNum),
primary key(cardNum)
)
go
create table TransactionType(
transTypeID int primary key,
typeName varchar(20) not null,
[description] varchar (40) null
)
go
create table [Transaction](
transId int primary key,
transDate date not null,
cardNum varchar(20) foreign key references [Card](cardNum),
amount int not null,
transType int foreign key references TransactionType(transTypeID)
)




GO
INSERT [dbo].[UserType] ([userTypeID], [name]) VALUES (1, N'Silver')
GO
INSERT [dbo].[UserType] ([userTypeID], [name]) VALUES (2, N'Gold')
GO
INSERT [dbo].[UserType] ([userTypeID], [name]) VALUES (3, N'Bronze')
GO
INSERT [dbo].[UserType] ([userTypeID], [name]) VALUES (4, N'Common')
GO
INSERT [dbo].[User] ([userId], [name], [userType], [phoneNum], [city]) VALUES (1, N'Ali', 2, N'03036067000', N'Narowal')
GO
INSERT [dbo].[User] ([userId], [name], [userType], [phoneNum], [city]) VALUES (2, N'Ahmed', 1, N'03036047000', N'Lahore')
GO
INSERT [dbo].[User] ([userId], [name], [userType], [phoneNum], [city]) VALUES (3, N'Aqeel', 3, N'03036063000', N'Karachi')
GO
INSERT [dbo].[User] ([userId], [name], [userType], [phoneNum], [city]) VALUES (4, N'Usman', 4, N'03036062000', N'Sialkot')
GO
INSERT [dbo].[User] ([userId], [name], [userType], [phoneNum], [city]) VALUES (5, N'Hafeez', 2, N'03036061000', N'Lahore')
GO
INSERT [dbo].[CardType] ([cardTypeID], [name], [description]) VALUES (1, N'Debit', N'Spend Now, Pay Now')
GO
INSERT [dbo].[CardType] ([cardTypeID], [name], [description]) VALUES (2, N'Credit', N'Spend Now, Pay later')
GO
INSERT [dbo].[CardType] ([cardTypeID], [name], [description]) VALUES (3, N'Gift', N'Enjoy')
GO
INSERT [dbo].[Card] ([cardNum], [cardTypeID], [PIN], [expireDate], [balance]) VALUES (N'1324327436569', 3, N'1770', CAST(N'2022-07-01' AS Date), 43025.31)
GO
INSERT [dbo].[Card] ([cardNum], [cardTypeID], [PIN], [expireDate], [balance]) VALUES (N'2324325423336', 3, N'0234', CAST(N'2020-03-02' AS Date), 14425.62)
GO
INSERT [dbo].[Card] ([cardNum], [cardTypeID], [PIN], [expireDate], [balance]) VALUES (N'2324325436566', 1, N'1234', CAST(N'2019-02-06' AS Date), 34325.52)
GO
INSERT [dbo].[Card] ([cardNum], [cardTypeID], [PIN], [expireDate], [balance]) VALUES (N'2324325666456', 2, N'1200', CAST(N'2021-02-05' AS Date), 24325.3)
GO
INSERT [dbo].[Card] ([cardNum], [cardTypeID], [PIN], [expireDate], [balance]) VALUES (N'2343243253436', 2, N'0034', CAST(N'2020-09-02' AS Date), 34025.12)
GO

INSERT [dbo].[UserCard] ([userID], [cardNum]) VALUES (1, N'1324327436569')
GO
INSERT [dbo].[UserCard] ([userID], [cardNum]) VALUES (1, N'2343243253436')
GO
INSERT [dbo].[UserCard] ([userID], [cardNum]) VALUES (2, N'2324325423336')
GO
INSERT [dbo].[UserCard] ([userID], [cardNum]) VALUES (3, N'2324325436566')
GO
INSERT [dbo].[TransactionType] ([transTypeID], [typeName], [description]) VALUES (1, N'Withdraw', NULL)
GO
INSERT [dbo].[TransactionType] ([transTypeID], [typeName], [description]) VALUES (2, N'Deposit', NULL)
GO
INSERT [dbo].[TransactionType] ([transTypeID], [typeName], [description]) VALUES (3, N'ScheduledDeposit', NULL)
GO
INSERT [dbo].[TransactionType] ([transTypeID], [typeName], [description]) VALUES (4, N'Failed', NULL)
GO
INSERT [dbo].[Transaction] ([transId], [transDate], [cardNum], [amount], [transType]) VALUES (1, CAST(N'2017-02-02' AS Date), N'1324327436569', 500, 1)
GO
INSERT [dbo].[Transaction] ([transId], [transDate], [cardNum], [amount], [transType]) VALUES (2, CAST(N'2018-02-03' AS Date), N'2343243253436', 3000, 3)
GO
INSERT [dbo].[Transaction] ([transId], [transDate], [cardNum], [amount], [transType]) VALUES (3, CAST(N'2017-05-06' AS Date), N'2324325436566', 2500, 2)
GO
INSERT [dbo].[Transaction] ([transId], [transDate], [cardNum], [amount], [transType]) VALUES (4, CAST(N'2016-09-09' AS Date), N'2324325436566', 2000, 1)
GO
INSERT [dbo].[Transaction] ([transId], [transDate], [cardNum], [amount], [transType]) VALUES (5, CAST(N'2015-02-10' AS Date), N'2324325423336', 6000, 4)
GO


Select * from UserType
Select * from [User]
Select * from UserCard
Select * from [Card]
Select * from CardType
Select * from [Transaction]
Select * from TransactionType
--question1
create procedure dis
as 
begin
select * from [user]
end 
go
execute dis
--question2
create procedure det
@iname varchar(20)
as 
begin
select * from [user]
where [user].name=@iname
end
go
execute det @iname='Ali';
--question3
create procedure cdt
@cardnum varchar(20)
as 
begin 
select [user].phoneNum,[user].name,[user].city
from [UserCard] join [User] on [UserCard].userID=[User].userId
where [UserCard].cardNum=@cardnum
end
go
execute cdt @cardnum='1324327436569'
--question4
create procedure bal
@minbal float output
as
begin
select @minbal=min([card].balance) from [Card]
end
go
declare @minbal float
execute bal @minbal=@minbal output
select @minbal as minimum_balance
--question5
create procedure noc
@nm varchar(20),
@id int,
@nc int output
as 
begin
select count(*) from [User] join [UserCard] on  [User].userId=[usercard].userID
where ([User].name=@nm and [user].userId=@id)
end
go
declare @numofcards int
execute noc @nm='Ali',@id=1,@nc=@numofcards output 
select @numofcards
create procedure login
@cn varchar(20),
@pn varchar(4),
@checker int output
as
begin 
if exists(select* from [Card] where ([Card].cardNum=@cn and [card].PIN=@pn))
begin
	set @checker=1
	select* from [Card] where ([Card].cardNum=@cn and [card].PIN=@pn)
end
else
begin 
	set @checker=0
end
end
declare @flag int 
execute login @cn='1324327436569',@pn='1770',@checker=@flag output
select @flag
create procedure updated
@old varchar(4),
@new varchar(4),
@message varchar(20) output
as 
begin 
if (LEN(@old)=4)
begin
	if exists (select * from [Card] where [card].PIN=@old)
	begin
		update [Card] set [card].PIN=@new
		where [card].pin=@old
		set @message='updated'
	end
	else
	begin
		set @message='error'
	end
end
else
begin
	set @message='error'
end
end
declare @checker varchar(20)
execute updated @old='1770',@new='8796',@message=@checker output
select @checker




